id,name
1,Joshua Merritt
2,Andrew Flores
3,Maria Schmidt
4,Justin Alvarado
5,Angela Peterson DVM
6,Jessica Nunez
7,Michael Simpson
8,David Miller
9,Nicholas Ponce
10,John Wilson
11,Daniel Scott
12,Kristin Cantu
13,Ashley Stevens
14,Elizabeth Davis
15,Tiffany Mckinney
16,Patricia Meyer
17,Michelle Smith
18,Tom Wyatt
19,Christopher Brown
20,Hannah Wilson
21,Christine Martin
22,Anthony Paul
23,Blake Bartlett
24,Gregory Ramirez
25,Barbara Meyers
26,Matthew Flores
27,Timothy Foley
28,Mason Richardson
29,Ms. Susan Velazquez
30,Michael Reid
31,Antonio James
32,Kelly Johnson
33,Thomas Lamb
34,Troy Johnson
35,Colin Watts
36,Stephen Miller
37,Raymond Shelton
38,Courtney Smith
39,Jason Hunter
40,Timothy Hernandez
41,Dr. Courtney Frazier
42,Christopher English
43,Benjamin Mcmahon
44,Rebekah Hunter
45,Meredith Harris
46,Nicholas Hoover
47,Dale Jones
48,Rose Mathews
49,Renee Alvarez
50,Lindsay Herrera
51,David Long
52,Lisa James
53,Angela Cochran
54,Ebony Perez
55,Michele Huerta
56,Karen Orr
57,Larry Weiss
58,Bruce Watson
59,Janice Harris DVM
60,Pamela Gill
61,Dave Yates
62,Helen Johnson
63,Benjamin Miller
64,Jessica Copeland
65,Jessica Reed
66,Justin Cole
67,Steven Mcmahon
68,Louis Flores
69,Kim Little
70,Brad Perez
71,Patrick Phillips
72,Carrie Watson
73,Victoria Cisneros
74,Jason Smith
75,Valerie Mclaughlin
76,Sarah Chavez
77,Nicholas Marsh
78,Autumn Rodriguez
79,Kelly Eaton
80,Donald Scott
81,Brian Anderson
82,Katie Ramirez
83,Robert Hernandez
84,Jason Ortiz
85,Michelle Little
86,Kristina Matthews
87,James White
88,Steven Navarro
89,Heather Elliott
90,Monique Miller
91,Barbara Hernandez
92,Steven Navarro
93,Corey Frazier
94,Keith Wood
95,Elizabeth Hernandez
96,Timothy Hayes
97,Cristina Ross
98,Kim Baldwin
99,Jill Rodriguez
100,Jennifer Martin
101,Kenneth Archer
102,Eric Hatfield
103,Jaime Smith
104,Calvin Johnson PhD
105,Rachel Lopez
106,Richard Anderson
107,John Rodriguez
108,April Richardson
109,Daniel Peters
110,Patricia Fuller
111,Brenda Odom
112,Miss Nicole Johnson
113,Tiffany Williams
114,Cindy Wise
115,Bonnie Cantu
116,Patrick Smith
117,Robert Edwards
118,Connor Holmes
119,Daniel Blake
120,Beth Hayes
121,Amy Valdez
122,Patricia Price
123,Don Miller
124,William Pham
125,Teresa Swanson
126,Patricia Johnson
127,Tammy Daugherty
128,Joseph Todd
129,Christopher Mueller
130,Leah Trujillo
131,Phillip Brown
132,Katherine Wheeler
133,Sarah Hunter
134,Mark Shelton
135,Amanda Perez
136,Robyn Foster
137,Angela Lee
138,Tamara Johnson
139,Jeffrey Meyers
140,Jason Crawford
141,Megan Kelley
142,Amy Wright
143,Brenda Blankenship
144,Hunter Berger
145,Mark Davis
146,Michael Harris
147,Ryan Edwards
148,Laura Wallace PhD
149,Tracey Gonzalez
150,Jacob Robles
151,Michael Wilson
152,Eric Davis
153,Courtney Jones
154,Melinda Rodriguez
155,Andrew Mclean
156,Samuel Moss
157,Diane Savage
158,Charles Bell
159,Michael Reed
160,Rebecca Thompson
161,Robert Roberts
162,Michael Washington
163,Thomas Jackson
164,Sara Brock
165,John Hall
166,John Moore
167,Laura Roberts
168,Matthew Williams
169,Derek Green
170,Aaron Hall
171,Melissa Kirk
172,Mrs. Rebecca Turner
173,Brandy Levy
174,Kelly Wade
175,Charles Long
176,William Harris
177,Tina Moore
178,Andrew Roth
179,Rodney Graves
180,Kevin Nguyen
181,Aaron Johnson
182,Daisy Wilson
183,Thomas Morris
184,David Oliver
185,Michele Melendez
186,Sandra Fox
187,Bryan Sullivan
188,Tina Castaneda
189,Denise Lowe
190,Gerald Pollard
191,Cheyenne Davis
192,Eric Jensen
193,Thomas Carter
194,Ashley Gray
195,John Buckley
196,Corey Coleman
197,Regina Williams
198,Edward Gardner
199,Nathan Horn
200,Eddie Sparks
201,David Zavala DDS
202,Jason Ramirez
203,Dana Collins
204,Steven Townsend
205,Jenna Roberts
206,Teresa Alvarado
207,Brooke Garcia
208,Troy Swanson
209,Sylvia Bryant
210,Robert Sanders
211,Lisa Burns
212,Latoya Whitehead
213,William Love
214,Robert Miller
215,Don West
216,Kenneth Kelly
217,Lisa Bryant
218,Patrick Wagner
219,Robert Hoffman
220,Joshua Ruiz
221,Lauren Evans
222,Eduardo Gonzalez
223,Omar Bullock
224,Adam Beck Jr.
225,Samantha Wilson
226,Danielle Simmons
227,Victoria Gray
228,Rebecca Moore
229,Carlos Miller
230,Melissa Cantrell
231,Bonnie Ballard
232,Dr. Paula Perez
233,Vanessa Roberts MD
234,Sean Thompson
235,Cassandra Ramos MD
236,Kylie Flynn
237,Daniel Williams
238,Erin Cooper
239,Courtney Smith
240,Nicholas Lewis
241,Richard Bowen
242,Mary Hayes
243,Thomas Perez
244,Brittany Dunn
245,Amanda Rivera
246,Daniel Reyes
247,Joanna Martin
248,Benjamin Sullivan
249,Thomas Keith
250,Dustin Davis
251,Steven Montes
252,Lacey Murray
253,Randy Hunter MD
254,Benjamin Holloway
255,Martha Mcconnell
256,James Morris
257,John Hansen
258,Michael Mclean
259,Shawna Lutz
260,David Joseph
261,Keith Luna
262,Kimberly Smith
263,Jason Cooley
264,John Rangel
265,Cynthia King
266,Barry Livingston
267,Ashley Franco
268,Lance Bridges
269,Sheila Castaneda
270,Kendra Simpson
271,Laura Gonzalez
272,James Russell
273,Sara Turner
274,Kimberly Hooper
275,James Huynh
276,Robert Brown
277,Jennifer French
278,Sandra Hall
279,Wayne Davis
280,Casey Bass
281,Melissa Horn
282,Devin Johnson
283,Joseph Rodriguez
284,James Soto
285,Kayla Martinez
286,Brian Wilkinson
287,Amanda Hardy
288,Jacob Ward
289,Megan Stevens
290,Kelly Petersen
291,Andrea Lee
292,Frank Lloyd
293,Michelle Kelly
294,Elizabeth Macias
295,Dylan Hall
296,Jason Pitts
297,Kevin Blake
298,James Curtis
299,Luis Woods
300,Dr. Tina Reid
301,Steven Johnson
302,Justin Weaver
303,Jennifer Lowe
304,Scott Johnson
305,Sarah Nash
306,Christopher Perez
307,Kimberly Black
308,Robert Campbell
309,Lisa Banks
310,Frank Buchanan
311,Michelle Walker
312,Whitney Moore
313,Michael Boone
314,Xavier Burns
315,Kevin Kennedy
316,Abigail Lee
317,Mrs. Christina Williams
318,Miss Sarah Williams
319,Marie French
320,Emily Holland
321,Ann Fuller
322,Michael Lee
323,Meredith Singh
324,Andrew Vasquez
325,Victoria Nicholson
326,Ashley Ross
327,Gregory Santiago
328,Valerie Fernandez
329,Kimberly Greene
330,Mr. Roger Moses PhD
331,Mike Ramsey
332,Todd Smith
333,Jeffrey Ford
334,Kayla White
335,Andrew Liu
336,Frances Cox
337,Thomas Atkins
338,Dr. Brenda Rivera DDS
339,Eduardo Brooks
340,Jessica Lara
341,Stacy Mills
342,Lauren Potts
343,Joseph Hernandez
344,John Taylor
345,Christopher Anderson
346,Leslie Gonzalez
347,Micheal Wilcox
348,Catherine Campbell
349,Jennifer Mitchell
350,Mary Jacobs
351,Michael Gray
352,Michael Lee
353,Anthony Young
354,Alexandra Hart
355,Denise Huff
356,Kristy Coleman
357,Robert Martinez DVM
358,Matthew Lin
359,Steven Hayes
360,Jennifer Carlson
361,Elizabeth Page PhD
362,Crystal Little
363,Steven Jones
364,Thomas Gallagher
365,Nicholas Smith
366,Jonathan Holden
367,Nicholas Durham
368,Bonnie Mayo
369,Tina Jackson
370,Carla Dougherty
371,Rebecca Bailey
372,Ashley Lee
373,Mrs. Kaitlyn Fisher
374,Sydney Dawson
375,Jerry Sharp
376,Brenda Soto
377,Bradley Villa
378,Ashley Sanders
379,Amy Lee
380,Eric Hudson
381,Wendy Fox
382,Tiffany Mason
383,Isaac Williams
384,Renee Garcia
385,Jared Fischer
386,Emily Griffin
387,Michelle Rollins
388,Elizabeth Patton
389,Tracy Crawford
390,Richard Wang
391,Robin Morales
392,Erica Henderson
393,Sarah Vega
394,James Sanchez
395,Thomas Watson
396,Emily Johnson
397,Mary Bowers
398,Kimberly Soto
399,Cody Bell
400,Jennifer Marshall
401,Andrew Rowland
402,Brenda Curry
403,Michael Butler
404,Anna Francis
405,Jennifer Burton
406,Juan Brooks
407,Jacob Ayala
408,Patricia Russell
409,Laura Reynolds
410,Tammy Norton
411,Ruben Byrd
412,Steven Hansen
413,Paula Bridges
414,Tonya Hernandez
415,Michael Murphy
416,Micheal Nelson
417,Karen Price
418,Michael Lara
419,Edward Mcdaniel
420,Karina Delacruz
421,Daniel Stevens
422,Regina Kennedy
423,Ann Valenzuela
424,Noah Howard
425,Kim Martin
426,Anthony Leach
427,David Hayden
428,Jordan Harris
429,Jennifer Romero
430,Mark Young
431,Sharon Duncan
432,Lisa Wilson
433,Karen Bishop
434,Kathryn Herman
435,Stephen Bradley
436,Lori Jimenez
437,Paul White
438,Ashley Stevens
439,Michelle Foley
440,Richard Fernandez
441,Deanna Lopez
442,Ashley Smith
443,Jesus Castro
444,Russell Conrad
445,Ronald Saunders
446,David Doyle
447,Dawn Miller
448,Bradley Kirby
449,Jacob Hill
450,Joshua George
451,Richard Ross
452,Lisa Mcbride
453,Joshua Allen
454,Ernest Grimes
455,Bradley Nicholson MD
456,Lisa Stewart
457,James Stokes
458,Amy Foster
459,Blake Edwards
460,Christine Allen
461,Randy Flores
462,Dr. Karen Holmes
463,Justin Ruiz
464,Brittney Graham
465,Danielle Gonzales
466,Sarah Lambert
467,Brian Evans
468,Bruce Hill
469,Julie Anderson
470,Stacie Cook
471,Anthony Johns
472,Cindy Bishop
473,Anna Wright
474,Steven Hale
475,Eric Greene
476,Molly Cooper
477,Mr. Brian Wood DDS
478,Nathaniel Byrd
479,Jason Perez
480,Mrs. Lauren Moon
481,Angel Hull
482,Justin Johnson
483,Joshua Jimenez
484,Natalie Moran
485,William Mccall
486,Eugene Shaw
487,Richard Taylor
488,Joshua Reynolds
489,Catherine Brown
490,William Garcia
491,Paul Haynes
492,Larry Chandler
493,William Woodard
494,Andrew Garcia
495,Anne Morris
496,Andrew Santiago
497,Robert Davis
498,Mary Lawson
499,Tom Hansen
500,Mr. Michael Patel
501,James Silva
502,Shelly Perry
503,Jamie Leach MD
504,Donald Dean
505,Victoria Cook
506,Daniel Sherman
507,Sue Mcgrath
508,John Hill
509,Miss Julie Allen
510,Michael Holmes
511,Karen Patel
512,Stephanie Sanchez
513,Aaron Chandler
514,Eric Rogers
515,Gabrielle Meyers
516,Cheryl Phillips
517,Shawn Farmer
518,Thomas Fox
519,Matthew Mcdonald
520,Ryan Benton
521,Matthew Robinson
522,Emily Campos
523,John Hudson
524,Michael Mitchell
525,Jennifer Tucker
526,Kimberly May
527,Corey Garcia
528,Ryan Benson
529,Rebecca Carson
530,Suzanne Valenzuela
531,Susan Owens
532,Theresa Sutton
533,Joshua Chavez
534,Richard Kelley
535,Gabrielle Walker
536,Jason Roberts
537,Maureen Jimenez
538,Juan Dudley
539,Lisa Montoya
540,Gina Freeman
541,Autumn Hernandez
542,Victoria Turner
543,Courtney Olsen
544,Jenny Wilson
545,Katie Stokes
546,James Tucker
547,Adam Contreras
548,Brittany Butler
549,Sarah Reese
550,Joel Smith
551,Erica Wilson
552,Laura Hall
553,Kimberly Hernandez
554,Angela Roberts
555,Jonathon Moreno
556,Thomas Chapman
557,Meredith Lin
558,Valerie Ewing
559,Paul Adams
560,Stacy Rivera
561,Kimberly Collins
562,Christina George
563,Brian Peterson
564,Scott Booth
565,Nicholas Haynes
566,Timothy Gates
567,Jennifer Rivas
568,Victor Stephens
569,Donald Lee
570,Laura Orr
571,George Zuniga
572,Matthew Gilmore MD
573,Jacqueline Mcdonald
574,Lisa Palmer
575,Michelle Jacobs
576,Nicholas Gonzalez
577,Nicholas Rios
578,Christopher Le
579,Dylan Larsen
580,Ashley Rocha
581,Dana Turner
582,Carlos Barton
583,Jeffrey Wood
584,Alyssa Briggs
585,Dalton Keller
586,Stacey Edwards
587,Linda Lewis
588,Jocelyn Galvan
589,Dean Ryan
590,Amanda Martinez
591,Tara Simpson
592,Lisa Jones
593,Sherry Morrison
594,Michele Myers
595,Diane Ballard
596,Robert Ayala
597,Duane Simpson
598,Lynn Hancock
599,Emily Copeland
600,Erica Foster MD
601,David Phillips
602,Jonathan Michael
603,Janet Mejia
604,Michael Watts
605,David Parker
606,Todd Floyd
607,Ariel Garcia
608,Sarah May
609,Pedro Mccann
610,Nicholas Owen
611,Melody Small
612,Bryan White
613,Hailey Ramirez
614,Joshua Lozano
615,Jeffrey Faulkner
616,Jacob Ward
617,Tasha Li
618,Nicole Miller
619,Malik Vaughn
620,Roger Olson
621,Raymond Douglas
622,Angelica Wilson
623,Ryan Hall
624,Brianna Smith
625,Janice Mccarthy
626,David Miles
627,Susan Mack
628,Troy Oconnell
629,Terri Romero
630,Adam Sanchez
631,Christopher Padilla
632,Laura Wilson
633,Jacob Evans
634,Lisa Delacruz
635,Michael Lambert
636,Michael Carey
637,Erica Anderson
638,Pamela Taylor
639,Timothy Stark
640,Carolyn Chen
641,Stephanie Price
642,Rachel Tanner
643,Rachel Cole
644,Susan Smith
645,Louis Davis
646,Michael Garner
647,Erin Bailey
648,Dominic Boone
649,Kristopher Reeves
650,Rachel Walker
651,Deborah Anderson
652,Miranda Morrison
653,David Buchanan
654,Anthony Bennett
655,Brian Christensen
656,Austin Oliver
657,Jessica Jones
658,Jack Brown
659,Jerry Salinas
660,David Delgado
661,Nicole Matthews
662,Sabrina Oconnell
663,Zachary Cameron
664,Steven Watts
665,Alexis Wilson
666,Olivia Floyd
667,Carrie Dalton
668,Matthew Thompson
669,Crystal Rojas
670,Sarah Coleman
671,Ryan Vasquez
672,Nicole Martinez
673,Veronica Adams
674,Elizabeth Bowen
675,David Leonard
676,Carol Wheeler
677,Emily Lopez
678,Michelle Lowery
679,Jennifer Reynolds
680,Miranda Ford MD
681,Diane Wilson
682,Michele Williams
683,Paula Kelly
684,Jamie Kelly
685,Amy Williams
686,Kurt Smith
687,Kristen Rasmussen
688,Elaine Schultz
689,Morgan Hayes
690,Heather West
691,Matthew Jenkins
692,James Tran
693,Michael Rivera
694,Derrick Alexander
695,Carlos Diaz
696,Paul Clark
697,Jacqueline White
698,Christopher Kelly
699,Jennifer Chavez
700,Barbara Blankenship
701,Joshua Moses
702,Kimberly Fields
703,Connie Carpenter
704,Spencer Stewart
705,Martin Turner
706,Mrs. Nicole Fischer
707,Keith Brown
708,Tiffany Freeman
709,Joseph Blake
710,Logan Kennedy
711,Stephen Collins
712,James Martinez
713,Emily Ingram
714,Elizabeth Huang
715,Edwin Romero
716,Bradley Robinson
717,Amy Beck
718,Daniel Browning
719,Rebecca Meyer
720,Daniel Benitez
721,Misty Cortez
722,Katie James
723,Deborah Sandoval
724,Robert Griffith
725,Alejandro Vance
726,Ashley Curtis
727,Philip Kline
728,Melanie Ramirez
729,Robert Melton
730,Pedro Graham
731,Jessica Jones
732,Eric Cline
733,Andrew Oconnor
734,Lisa Poole
735,Tracie Brown
736,Alyssa White
737,Justin Daniels
738,Valerie Boyer
739,Arthur Martin
740,Brandon Mitchell
741,Anthony Ali
742,Karen Patrick
743,Amanda Parker
744,Shirley Jones
745,Aaron Cunningham
746,Nicole Bennett
747,Edward Simpson
748,Steve Mcdonald
749,Amy Newton
750,Christine Brown
751,James Bernard
752,Roy Lopez
753,Alfred Cole
754,Laura Johnson
755,Robert Keller
756,Andrew Cervantes
757,Anthony Ramirez
758,Derrick Kelly
759,Andrew Nguyen
760,Amy Richardson
761,Michael Martin
762,Andrew Hester
763,Amanda Caldwell
764,Brent Freeman
765,Monica Johnson
766,Erik Woods
767,Daniel Schultz
768,Tiffany Ibarra
769,Candace Blair
770,Stacy Stephens
771,Steven Scott
772,James Vargas
773,Carl Rodriguez
774,Kelly Baker
775,Dean Peters
776,Michael Johnson
777,Tammy Herrera
778,Zachary Waller
779,Maria Acosta
780,Shannon Marquez
781,Arthur Brown
782,Peter Terry
783,Donald Andrews
784,Jacob Wheeler
785,Chase Thompson
786,Thomas Osborn
787,Cynthia Thompson
788,Denise Sullivan
789,Kelly Young
790,Phillip Stewart
791,Kristy Olson
792,Scott Simmons
793,Alexandria Carroll
794,Anna Colon
795,Jason Morrison
796,Mary Maldonado
797,Harry Perez
798,Angela Thomas
799,Catherine Johnson
800,Nathan Schmidt
801,Jeanette Clark
802,Amanda Solis
803,Rebecca Whitaker
804,Kimberly Gregory
805,Gabriela Jackson
806,Benjamin Savage
807,Amy Gregory
808,Zachary Huang
809,Jay Young
810,Angela Walker
811,Daniel Davis
812,Kristy Torres
813,Tony Mccarthy
814,Cindy Tucker
815,Bryan Warner
816,Ryan Nunez
817,James Carrillo
818,Taylor White
819,Mary Taylor
820,Richard Goodwin
821,Jodi Garcia
822,Benjamin Simmons
823,Austin Snyder
824,Stephanie Patel
825,Emily Black
826,Heather Colon
827,Thomas Johnson
828,Dennis Smith
829,Michael Price
830,Luke Baker
831,Kathy Jenkins
832,Joe Sawyer
833,Amy King
834,Ryan Bradford
835,Cheryl Fields
836,Melissa Johnson
837,Joshua Williams
838,Michael Rodriguez
839,Jessica Palmer
840,Erica Lambert
841,Shane Hill
842,Laura Jones
843,Rachel Lyons
844,Carla Conrad
845,Kevin Jones
846,Jeffrey Norton
847,Matthew Krause
848,Angelica Roberts
849,Joshua Collins
850,Michael Adams
851,Stacy Ball
852,Brian Lee
853,Elizabeth Baker
854,April Valentine
855,Tammy Pierce
856,Marie Parker
857,David Sherman
858,Aaron Kelly
859,Selena Frazier
860,Sarah Baker
861,Joshua Henderson
862,Arthur Payne
863,Christopher Hayes
864,Michael Lewis
865,Christopher Hopkins
866,Mrs. Angela Horn
867,Travis Johnson
868,Holly Lawson
869,Kenneth Gonzalez
870,Zachary Gibson
871,Amanda Bryant
872,Daniel Lewis
873,Matthew Bender
874,Julie Cohen
875,Jeremy Rivera
876,Lindsey Patterson
877,Judith Morris
878,Gregory Bell
879,Mike Dunn
880,Charles Lambert
881,Jessica Nolan
882,Donald Cruz
883,Maria Montgomery
884,Bruce Lopez
885,Sara Johnson
886,Nicholas Davis
887,Stephen Burgess
888,Curtis Leonard
889,Wanda Miller
890,Jose Morales
891,Richard Evans
892,Tracy Lane DDS
893,Diana Cunningham
894,Rebecca David
895,Thomas Dean
896,Anne Butler
897,Joseph Jacobson
898,Jeremy Randall
899,David Herrera
900,Kathy Owens
901,Nicholas Stewart
902,Tony Wells
903,Diana Turner
904,Kara Richardson
905,Kelsey Moody
906,David Montgomery
907,Brian Smith
908,Stacey Jenkins
909,Keith Morrison
910,Dustin Bautista
911,Joshua Miller
912,Adam Fox
913,Annette Cooper
914,Jonathan Hamilton
915,Carol Mccormick
916,Nicole Wong
917,Susan Cervantes
918,Katherine Hahn
919,Katie Cunningham
920,Peter Lawson
921,Dennis Blankenship
922,Meagan Gomez
923,Sharon Jackson
924,Christopher Miller
925,Thomas Smith
926,Katherine Barajas
927,Sandra Bowman
928,Matthew Henson
929,Christopher Willis
930,Jack Bates
931,Omar Bass
932,Logan Bridges
933,Tanner Allen
934,John Smith
935,Mariah Owens
936,Jennifer Hall
937,Matthew Dennis
938,Denise Lucas
939,Tyler Leach DDS
940,Brenda Gilmore
941,Amber Stone
942,Kyle Castro
943,Charles Thomas
944,Bruce Alvarez
945,Shane Walker
946,Laura Trujillo
947,Justin Castro
948,Daniel Montoya
949,Sean Hill
950,James Frey
951,William Nguyen
952,Brandon Taylor
953,Katie Smith
954,Jose Arroyo
955,Angela Walker
956,Margaret Turner
957,Frederick Mills
958,Denise Dixon
959,Christopher Boyer
960,Andrew Randolph
961,Patrick Craig
962,Mrs. Joanne Smith
963,Chad Bradford
964,Rachel Werner
965,Danielle Garza DVM
966,Catherine Newman
967,Kayla Davis
968,Kelly Mathews PhD
969,Misty Wilson
970,Derrick Henry
971,Laurie Fields
972,Ryan Figueroa
973,Kyle Campbell
974,Terry Murphy
975,Emma Shaw
976,Brianna Martin
977,Stacy Lin
978,Lisa Fleming
979,Michelle Garrison
980,Carlos Bass
981,Raymond Robbins
982,Heather Charles
983,Robert Cooper
984,Deborah Crawford
985,Jonathan Gonzalez
986,John Figueroa
987,William Davis
988,Mary Bray
989,Dr. Jessica Hayes
990,Kenneth Chambers
991,Dominique Baxter
992,Sarah Chen
993,Andrea Mason
994,Linda Green
995,Margaret Green
996,Lori Fisher
997,Jesus Rodriguez Jr.
998,Carolyn Cain
999,Sarah Morgan
1000,Sheri Peters
1001,Jeremy Jones
1002,Sarah Le
1003,Nicholas Crawford
1004,Ian Holloway
1005,John Fields
1006,Terry Washington
1007,Jennifer Haas
1008,Kyle Neal
1009,Brian Bailey
1010,Sheila Jacobs
1011,Melissa Barajas
1012,Dana Wu
1013,Tyler Black
1014,Tanya Daniel
1015,Carla Smith
1016,Robert Miller
1017,Nicole Montgomery
1018,Lindsey Garner
1019,Daniel Mason
1020,Carlos Reed
1021,Teresa Atkinson
1022,Megan Costa
1023,Paul Johnson
1024,Katie Juarez
1025,Frank Garrison
1026,Gregory Ramirez
1027,Shawn Brown
1028,Angela Pena
1029,Nicole Duncan
1030,Renee Bass
1031,Susan Marshall
1032,Wanda Garner
1033,Melissa Snow
1034,Christine Lee
1035,Robert Cain
1036,Matthew Ramsey
1037,Angela Hicks
1038,John Pennington
1039,Brandon Garcia
1040,Wendy Diaz
1041,Kevin Patterson
1042,Samuel Cowan
1043,Ryan Oconnor
1044,William Flynn
1045,Christina Guerrero
1046,Rita Andrews
1047,Jessica Terry
1048,Amber Vaughn
1049,Christopher Jones
1050,Caroline Barrett
1051,Jeffery Cox
1052,Rebecca Hansen
1053,John Smith
1054,Terri Heath
1055,Jesus Richardson
1056,Kayla Hoffman
1057,Haley Copeland
1058,Breanna Rodriguez
1059,Christopher Haynes
1060,Adam Davis
1061,Thomas Vincent
1062,Christopher Hill
1063,Bruce Stevens
1064,Beth Barnes
1065,Jeanette Medina
1066,Courtney Huerta
1067,Andrew Carlson
1068,Meghan Atkinson
1069,Dr. Becky Munoz
1070,Linda Ferguson
1071,Travis Salazar
1072,William Andrews
1073,Rhonda Frye
1074,Charles Martin
1075,Kevin Keller
1076,Pamela Scott
1077,Vincent Kaiser
1078,Nicole Jones
1079,Richard Miller
1080,Amber Marsh
1081,Brianna Marks
1082,Melissa Jimenez
1083,Kevin Mitchell
1084,Billy Anderson
1085,Patricia Jensen
1086,Tommy Brewer
1087,Jon Griffin
1088,Michael Benitez
1089,Thomas Willis
1090,Shannon Olson
1091,Ricardo Drake
1092,Stacey Soto
1093,Elizabeth Hernandez
1094,Christopher James
1095,Lindsey Rose
1096,Jordan Murphy
1097,Allison Cole
1098,Shaun Barnett
1099,Stacey Wallace
1100,Sharon Evans
1101,Gregory Brown
1102,Derek Le
1103,Jordan Hunt
1104,Lori Robinson
1105,Felicia Phelps
1106,Michael Williams
1107,Mrs. Adrienne Walters
1108,Shannon Adams
1109,Amanda Evans
1110,Jenna Sanders
1111,Michelle Martin
1112,Peter Hamilton
1113,Michael Mason
1114,Karen Williams
1115,Andrew Garcia
1116,Michael Brewer
1117,Jared Hall
1118,Jennifer Tate
1119,Debra Ford
1120,Robert Martin
1121,Daniel Kline
1122,David Rice
1123,Tabitha Flynn
1124,Kenneth Dean
1125,Mark Rasmussen
1126,Devin Whitehead
1127,Katherine Acosta MD
1128,Timothy Welch
1129,Denise Richardson
1130,William Smith
1131,Kyle Parrish
1132,Brittany Contreras
1133,Jennifer Gutierrez
1134,Jared Walker
1135,Brittany Davis
1136,Heather Peters PhD
1137,Jared Henson
1138,Todd Romero
1139,Donald Kim
1140,Tamara Thomas
1141,Nicholas Tran
1142,Rebecca Potts
1143,Kimberly Nelson MD
1144,Nathan Jones
1145,Sharon Solis
1146,Timothy Cox
1147,Mr. Jay Brown
1148,Andrew Trujillo
1149,David Smith
1150,Nathan Phillips
1151,Christopher James
1152,Alex Thomas
1153,Victoria Foley
1154,Martha Carter
1155,John Thompson
1156,David Lucas
1157,Joseph Rhodes
1158,Albert Young
1159,Austin Pena
1160,Jessica Martin
1161,Brian Romero
1162,April Jefferson
1163,Erika Mathews
1164,Manuel Reynolds
1165,Julia Moore
1166,Barbara Li
1167,Christine Baker
1168,Anna Rivas
1169,Diana Jimenez
1170,Keith Mendez
1171,Stephen Garcia
1172,Robert Williams
1173,Robin Norman
1174,Bryan Tucker
1175,James Coleman
1176,Beth Bell
1177,Edwin Barber
1178,Sharon Flores
1179,Joseph Riddle
1180,Michael Jarvis
1181,Deborah Kelley
1182,Adam Santana
1183,Vanessa Myers
1184,Angela Jackson
1185,Jamie Luna
1186,Benjamin Fowler
1187,William Chandler
1188,Michael Kim
1189,Rachel Warren
1190,Jack Klein
1191,Ashley Nelson
1192,Samantha Coleman
1193,Stephanie Salazar
1194,Peter Rogers
1195,Jamie Hayes
1196,Kristy Smith
1197,Daniel Marks
1198,Benjamin Morgan
1199,Jason Perkins
1200,Julie Gray
1201,Jessica Thomas
1202,Mr. Collin Waters DVM
1203,James Smith
1204,Jennifer Weeks
1205,Sean Bell
1206,Elizabeth Cole
1207,Anna Schultz MD
1208,Mary Mercer
1209,Douglas Cortez
1210,Meagan Cruz
1211,Amanda Long
1212,Laura Black
1213,Samuel Hansen
1214,Nicholas Day
1215,Nicholas Rowe
1216,Billy Jones
1217,Joshua Miller
1218,Cathy Oliver
1219,Raymond Aguirre
1220,Michelle Miller
1221,Garrett Alvarez
1222,Jeremy Scott
1223,Marcus Bond
1224,Kathryn Hardy
1225,Mason Lee
1226,Kevin Duncan
1227,Sarah Williams
1228,Alyssa Douglas
1229,John Hanna
1230,Jordan Wade
1231,Joel Freeman
1232,Joseph Dixon
1233,Mason Larson
1234,James Reyes
1235,Heather Cummings
1236,Joseph Watkins
1237,Joseph Harrison
1238,Kenneth Miranda
1239,Kayla Gray
1240,Amanda Logan
1241,Elizabeth Thomas
1242,Jeremy Mckenzie
1243,Ian Steele
1244,Gabrielle Sanders
1245,Michael Robinson MD
1246,Andrew Williamson
1247,Amber Jackson
1248,Kelly Avila
1249,Benjamin Elliott
1250,Mark Flores
1251,Shelly Kennedy
1252,Jennifer Phillips
1253,Melissa Avery
1254,Jennifer Nunez
1255,Karen Phelps
1256,Michelle Lee
1257,Nancy Lee
1258,Lorraine Preston
1259,Evan Gray
1260,Alyssa Anderson
1261,Brenda Green
1262,Douglas Cain
1263,Robert Hammond
1264,John Patel
1265,Victor Williams
1266,David Rogers
1267,Timothy Brown
1268,Jonathan Stone
1269,Jennifer Gonzalez
1270,Melissa Bartlett
1271,Erin Williams
1272,Christopher Watts
1273,Shawn Carter
1274,Katelyn Thompson
1275,Rebekah Reed
1276,Wesley Thompson
1277,Sandra Carr
1278,Chelsea Jones
1279,Jennifer Hinton
1280,Jennifer Oneill
1281,Susan Key
1282,Christy Rivera
1283,Lorraine Daniel
1284,Daniel George
1285,Kayla Zhang
1286,Beverly Nelson
1287,Rebekah Flores
1288,Corey Cobb
1289,Julie Rodriguez
1290,Jeremy Smith
1291,Jeffrey Cervantes
1292,Nancy Vasquez
1293,Elizabeth Pace
1294,Donna York
1295,Edward Hamilton
1296,Katherine Rogers
1297,Steven Sawyer
1298,Julie Sanchez
1299,Michelle Johnson
1300,Mark Gonzalez
1301,Jennifer Simpson
1302,William Ochoa
1303,Michael Sullivan
1304,Crystal Trevino
1305,Larry Phelps
1306,Rebecca Johnson
1307,Christine Yang
1308,Jessica Grant
1309,Norman Torres
1310,Phillip Castro
1311,Aaron Freeman
1312,Raymond Garcia
1313,Andrew Savage
1314,Jeffrey Johnson
1315,Susan Gordon
1316,Andrea Lewis
1317,Robyn Smith
1318,Kyle Riley
1319,Billy Sloan
1320,Jeffrey Dean
1321,Ryan Richard
1322,Paige Wilson
1323,Timothy Ayala
1324,Ronald Hebert
1325,Donna Martin
1326,Gerald Russell
1327,Charles Jenkins
1328,Angela Steele
1329,Jennifer Lucas
1330,William Terrell
1331,John Ayala
1332,Hunter Woods
1333,Lauren Haney
1334,Tricia Garcia
1335,Valerie Bell
1336,Anna Smith
1337,Donna Anderson
1338,Craig Johnson
1339,Robin Cochran
1340,Jesse Hancock
1341,Michael Alexander
1342,Jeffrey Young
1343,Sharon Hernandez
1344,Michael Mckenzie
1345,Terri Taylor
1346,Trevor Sullivan
1347,James Hogan
1348,Mr. Michael Wallace MD
1349,Connor Jones
1350,Alan Tyler
1351,William Guzman
1352,Anna Garcia
1353,Brian Stevenson MD
1354,Kyle Hurley
1355,Danielle Cook
1356,Jason Cole
1357,Gary Johnson
1358,Tiffany Moody
1359,Sandra Rodriguez
1360,Julie Henderson
1361,Catherine Mora
1362,Zachary Glenn
1363,Benjamin Torres
1364,David Casey
1365,Anna Wade MD
1366,John Fuller
1367,Robert Lopez
1368,Robert Benjamin
1369,Kevin Finley
1370,Ross Welch
1371,Christy Young
1372,Martha Benjamin
1373,Haley Leon
1374,Nathan Mahoney
1375,Brandy Friedman
1376,Mark Dorsey
1377,Adam Russell MD
1378,Teresa Bowman
1379,Emily Forbes
1380,Michael Hancock
1381,Tyler Hall
1382,Todd Thomas
1383,Christina Lozano
1384,Christopher Perez
1385,Paul Martinez
1386,Karen Caldwell
1387,Nicholas Wilson
1388,Kelsey Schultz
1389,Calvin Davis
1390,Cheryl Phillips
1391,Barbara Colon
1392,Luke Olson
1393,Pamela King
1394,Sheila Daniel
1395,Rodney Kennedy
1396,Ian Jordan
1397,Mr. Seth Johnson II
1398,Lisa Evans
1399,Cynthia Sanders
1400,Denise Richards
1401,David Barker
1402,Karen Fernandez
1403,Amy Rivas
1404,Randy Hall
1405,Joseph Hardin
1406,Meagan Thornton
1407,Christopher Rogers
1408,Steven Macdonald
1409,Brittany May
1410,Jackson Adams
1411,Lori Mendez
1412,Mason Fisher
1413,Julia Graves
1414,Timothy Morton PhD
1415,Matthew Johnson
1416,Jared Gray
1417,Edwin Reyes
1418,Matthew Johnson
1419,Heidi Stanley
1420,Anne Curry
1421,Tiffany Anderson
1422,Deborah Carpenter
1423,Brent Levine
1424,Aaron Myers
1425,William Wang
1426,Jack Castillo
1427,Rebecca Brown
1428,Craig Guerrero
1429,Donald Oneal
1430,Lisa Gonzalez
1431,Brenda Allen
1432,Paul Roy
1433,Melissa Glover
1434,Justin Morton
1435,Daniel Ruiz
1436,Denise Weber
1437,Darlene Buck
1438,Madison Dixon
1439,Linda Phillips
1440,Kelly Walker
1441,Matthew Dunn
1442,Sarah Charles
1443,Brandon Lang
1444,John Jefferson
1445,Jason Wilkinson
1446,Ethan Shaw
1447,Caleb Lucas
1448,Lisa Davis
1449,Anita Miller
1450,Michelle Simpson
1451,Patricia Reeves
1452,Allison Mills
1453,Karen Harris
1454,Christine Blake DDS
1455,Christopher Allen
1456,Carlos Wilson
1457,David Wallace
1458,Shelby Davis
1459,Robert Johnson
1460,Molly Kim
1461,Jennifer Cruz
1462,Regina Walsh
1463,Kimberly Dunn
1464,Ashley Cooper
1465,Timothy Bradley
1466,Jennifer Pena
1467,Colleen Evans
1468,Matthew Martin
1469,Michelle Sanders
1470,Angela Morrow
1471,Tammie Jacobs
1472,Kyle Robinson
1473,Aaron Wang
1474,Michael Stewart
1475,Jonathan Haney
1476,Sharon Davis
1477,Joseph Serrano
1478,Miguel Henderson
1479,Michael Collins
1480,Joel Gibson
1481,Amber Wheeler
1482,Sharon Adams
1483,Rebecca Peterson
1484,Karen Johnson
1485,Patrick Merritt
1486,Sharon Edwards
1487,Steven Simmons
1488,Jenna Sanchez
1489,Michael Collins
1490,Kevin Pierce
1491,Tabitha Fernandez
1492,Mark Taylor
1493,David Cochran
1494,Sheila Chavez
1495,Brent Black
1496,Elizabeth Collins
1497,Victor Henry
1498,Sandra Hanson
1499,Kristin Hogan
1500,Noah Williams
1501,Deanna Acosta
1502,Rebecca Steele
1503,Troy Brown
1504,Mary Jacobs
1505,Michael Clay
1506,Madison Evans
1507,Alex Brown
1508,Michael Carrillo
1509,Jennifer Watson
1510,Michael Logan
1511,Brandon Martin
1512,Douglas Walsh
1513,Shawn Mccarthy
1514,Patricia Reed
1515,Susan Carroll
1516,Todd Williams
1517,Vernon Barnett
1518,Nicolas Simpson
1519,Michael Mckenzie
1520,Sarah Ramsey
1521,Judy Peters
1522,Lori Wiley
1523,Cody Harris
1524,Carol Hendrix
1525,Olivia Evans
1526,Mr. Ricardo Lyons MD
1527,Shane Fowler
1528,Danny Clark
1529,Joshua Lopez
1530,Claudia Rush
1531,Jose Fisher
1532,William Hunt
1533,Nathan Crosby
1534,William Schwartz
1535,Eileen Mitchell
1536,Vanessa Harper
1537,Timothy Jones
1538,Cory Young
1539,Dustin Welch
1540,Scott Sloan
1541,Michael Humphrey
1542,Kimberly Lee
1543,Lisa Carter
1544,Victoria Gonzalez
1545,Robert Yang
1546,Eddie Gonzalez
1547,Joseph Cole
1548,Tyrone Matthews
1549,Joseph Smith
1550,Jennifer Matthews
1551,Anthony Beck
1552,Elizabeth Lopez
1553,Jose French
1554,Frank Campbell
1555,Joel Rivera
1556,Tamara Johnson
1557,Evan Clark
1558,Tamara Bishop
1559,Jerome Oliver
1560,Nicholas Baldwin
1561,Amanda Williams
1562,Jacob Irwin
1563,Scott Carroll
1564,Adrienne Pearson
1565,Matthew Oliver
1566,Carolyn Coleman
1567,Chelsea Wright
1568,Diana Bennett
1569,Thomas Rangel
1570,Tara Price
1571,Jennifer Gonzalez
1572,Earl Perkins
1573,Kimberly Gonzalez
1574,Peter Hernandez
1575,Nathan Aguirre
1576,Peter Walker
1577,Christina Tanner
1578,Karen Jones
1579,Bonnie Ashley
1580,Jennifer Franco
1581,Craig Boyle
1582,Miguel Nichols
1583,Teresa Wilson
1584,Rodney Maxwell
1585,Brent Pearson
1586,Chris Hamilton
1587,Julie Martin
1588,Michael Hall
1589,James Brooks
1590,Peter Hamilton
1591,Jenny Taylor
1592,Luis Smith
1593,Erica Mercer
1594,Timothy Porter
1595,Stephen Wyatt
1596,Amanda Johnson
1597,Brandon Rose
1598,Miss Courtney West
1599,Anthony Johnson
1600,Vanessa Mccoy
1601,Benjamin House
1602,Kayla Huff
1603,Eric Williams
1604,Nathan Osborne
1605,Christopher Campbell
1606,Michael Becker
1607,Amy Lopez
1608,Charles Barnes Jr.
1609,George Hale
1610,Seth Jones
1611,Jason Duarte
1612,Brandon Lee
1613,Laura Payne
1614,Jack Hicks
1615,Kayla Evans
1616,Henry White
1617,David Byrd
1618,Kelsey Nguyen
1619,Aaron Nguyen
1620,Tyler Carpenter
1621,Sarah Cook
1622,Jacob Baker
1623,Ashley Brown
1624,Tamara Blair
1625,Charles Richards
1626,Jason Wilcox
1627,Tamara Jackson
1628,John Gonzales
1629,Malik Hammond
1630,Susan Bass
1631,Kenneth Powers
1632,Patricia Schultz
1633,Cynthia Blackwell
1634,Hannah Mitchell
1635,Gabriella Rice
1636,Joseph Roberson
1637,Jeanne Terry
1638,Robert Mcmahon
1639,Natalie Rose
1640,Sarah Kennedy
1641,Michelle Gibson
1642,Benjamin Nelson
1643,Ronald Hill
1644,Benjamin Turner
1645,Gary Young
1646,Brandon Russell
1647,Nicole Floyd
1648,Margaret Lee
1649,Kelsey Brown
1650,Amber Tapia
1651,Cameron Pacheco
1652,Christine Berger
1653,Rebecca Gomez
1654,Alyssa Walker
1655,Kimberly Kent
1656,James Paul
1657,Jennifer Bennett
1658,Dr. Morgan Newman
1659,Rick Townsend
1660,Joanna Clark
1661,Steven Nguyen
1662,David Zuniga
1663,Paul Williams
1664,Jackson Clark
1665,Amy Khan
1666,Toni Douglas
1667,Deborah Whitaker
1668,Paula Goodman
1669,Lauren Anderson
1670,Timothy Moore
1671,Todd Young
1672,Shawn Gray
1673,Brandon Butler
1674,Kimberly Ali
1675,Christopher Dawson
1676,Teresa Anthony
1677,Andrew Coleman
1678,Kenneth Hogan PhD
1679,Richard Hayes
1680,Theresa Nguyen
1681,Teresa Rivera
1682,Jeremy Lewis
1683,Russell Humphrey
1684,Oscar Robinson
1685,Michael Carrillo
1686,Kelsey Sandoval
1687,Tammy Zuniga
1688,Brittany Johnson
1689,Austin Turner
1690,Anthony Greene
1691,Shawn Ortega
1692,Vincent Hawkins
1693,Robert Garcia
1694,Anthony Walker
1695,Joseph Watkins
1696,Karen Davis
1697,Dorothy Anderson
1698,Chad Garcia
1699,James Valentine
1700,Ashley Fitzgerald
1701,Roger Black
1702,Jonathan Madden
1703,Dustin Rodriguez
1704,Jesse Mckinney
1705,Gregory Collins
1706,Andrew Wilkerson
1707,Natalie Walker
1708,Todd Tran
1709,Mackenzie Sellers
1710,Laura Stewart
1711,Joshua Madden
1712,William Young
1713,William Daniels
1714,Ana Walters
1715,Darryl Houston
1716,Linda Moss
1717,Katie Blair
1718,Mario Ramirez
1719,Shawn Thomas
1720,Mr. Jose Moon
1721,Donna Evans
1722,Amanda Jackson
1723,Robert Johnson
1724,Andrew Whitehead
1725,Hector Berg
1726,Shannon Colon
1727,Martin Lee
1728,Joseph Hobbs
1729,Elizabeth Ruiz
1730,Benjamin Riggs
1731,Jason Smith
1732,George Hale
1733,Daniel Sanchez
1734,Miranda White
1735,Mary Moon
1736,Brandi Jackson
1737,Scott Bruce
1738,Jeremy Williams
1739,Danielle Davis
1740,James Davis
1741,Shannon Medina
1742,Carol Joseph
1743,Derek Phillips
1744,John Stokes
1745,Bruce Washington
1746,Maria Rogers
1747,Katrina Poole
1748,Lori Reid
1749,Joanne Beltran
1750,Alicia Andrade
1751,Christopher Harris
1752,Jerry Aguirre
1753,Krystal Schwartz
1754,Christina Scott
1755,Jessica Atkinson
1756,Brad Yoder
1757,Teresa Young
1758,Crystal Walsh
1759,Anthony Craig
1760,Linda Harris
1761,Samantha Lopez
1762,Steven Carson
1763,Joanne Bennett
1764,Jacqueline Long
1765,Jordan Hill
1766,Cindy Day
1767,Elizabeth Shaw
1768,Morgan Suarez
1769,William Mcmahon
1770,Maurice Spencer
1771,Andrew Holder
1772,Anna Rice
1773,Michael Reyes
1774,Angela Nelson
1775,Charles Vazquez
1776,Antonio Allen
1777,Terry Gill
1778,Amanda Monroe
1779,Elizabeth Madden
1780,Robin Dominguez
1781,Tiffany Edwards
1782,Brandon Gray
1783,Gabriel Malone
1784,Lori Salazar
1785,Michael Griffin DDS
1786,Sydney Keller
1787,Rhonda Cameron
1788,Stephanie Davis
1789,Suzanne Shelton
1790,Monica Butler
1791,James Munoz
1792,Christopher Smith
1793,Mr. Kent Johnson
1794,Angie Stuart
1795,Jason Roach
1796,Keith Miller
1797,James Moreno
1798,Amy Garcia
1799,Tony Todd PhD
1800,Johnathan Johns
1801,Amber Cardenas MD
1802,Molly Young
1803,Benjamin Anderson
1804,Michelle Lewis
1805,Matthew Pruitt
1806,Elizabeth Palmer
1807,Stephen Logan
1808,Brandon Weaver
1809,Mary Jacobs
1810,Randy Martinez
1811,Melissa Davis
1812,Sergio Clay
1813,Dr. Nancy Fitzgerald
1814,Janice Park
1815,Yvonne Walton
1816,Eddie Bennett
1817,John Harris
1818,Kathleen Smith
1819,Dr. Jamie Yates
1820,Michelle Pena
1821,Michael Miller
1822,Joseph Middleton
1823,Thomas Thomas
1824,Kimberly Tran
1825,Kyle Miller
1826,Amy Hoffman
1827,Brittany Delgado
1828,Leslie James
1829,Alan Knox
1830,Christina Nelson MD
1831,Lisa Buckley
1832,Joanna Smith
1833,Robert English
1834,Dominique Hernandez
1835,Benjamin Oliver
1836,Jonathan Manning
1837,Douglas Wyatt
1838,Mr. Brent Dalton
1839,Robert Collins
1840,Robert Neal
1841,Kevin Ford
1842,Mr. Jose Gardner
1843,Timothy Lopez
1844,Valerie Fritz
1845,Kimberly Calderon
1846,Theodore Watson
1847,Miranda Snow
1848,Michelle Hubbard
1849,Jasmine Williams
1850,Donald Thomas
1851,William Lopez
1852,Karen Holland
1853,Melissa Robinson
1854,Kendra Taylor
1855,Patrick Williams
1856,Samuel Vargas
1857,Douglas Hahn
1858,Christine Randolph
1859,Kaitlyn Branch
1860,Brittany Greene
1861,Jeffrey Miller
1862,Heather Bray
1863,Elizabeth Pierce
1864,Tonya Smith
1865,Michael Atkinson
1866,Yolanda Ramos
1867,Valerie Haynes
1868,Joseph Johnston
1869,Victor Pearson
1870,David Carter
1871,Philip Lindsey
1872,Victor Snow
1873,Jason Wagner
1874,Rebecca Hopkins
1875,Thomas Hernandez
1876,Casey Rogers
1877,Carl Perry
1878,Sandra Chapman
1879,Kevin Singh
1880,Megan Mendoza
1881,Amanda York
1882,Kimberly Johnson
1883,Jeffrey Johnson
1884,Zachary Townsend
1885,Benjamin Wade
1886,Cheryl Powell
1887,Diane Gonzalez
1888,Anna Morales
1889,Justin Taylor
1890,Grace Salazar
1891,Tina Roach
1892,Jacob Porter
1893,Ryan Calderon
1894,Melvin Larsen
1895,Jeffrey Ochoa
1896,Noah Hopkins
1897,Evelyn Randolph DVM
1898,Maria Livingston
1899,James Short
1900,Jose Wong
1901,Michelle Alvarez
1902,Taylor Morris
1903,Steven Dunn
1904,Patricia Wilson
1905,Tara Ramirez
1906,John Nguyen
1907,Richard Duffy
1908,Michele Morris PhD
1909,Nicholas Hall
1910,Alexander Jordan
1911,Sarah Pineda
1912,Daniel Crawford
1913,Amy Meyer
1914,Jenna Hardy
1915,Jessica Vega
1916,Jennifer Calhoun
1917,Johnny Townsend
1918,Billy Gilbert
1919,Brett Moore
1920,Taylor Thompson
1921,Jody Ramirez
1922,Lori Bryant
1923,Cindy Cervantes
1924,Dominique Dunn
1925,Frederick Saunders
1926,Stacy Gross
1927,Aaron Johnson
1928,Christine Cox
1929,Christina Palmer
1930,John Stevens
1931,Debra Miller
1932,Marcus Mendoza
1933,Debra Barnes
1934,Susan Smith
1935,James Walsh
1936,Anthony Anderson
1937,Barbara Mueller
1938,Robert Reynolds
1939,Taylor Peters
1940,Scott Alvarado
1941,Michelle Moore
1942,Christopher Santiago
1943,Kenneth Sanders
1944,Ryan Lee
1945,Charles Perry
1946,Jennifer Lucas
1947,Catherine Nelson
1948,Lacey Acevedo
1949,Ashley Booker
1950,Natalie Johnson
1951,Felicia Reeves
1952,Sherri Stephens
1953,Mitchell Arroyo
1954,Meghan Hernandez
1955,Heidi Adams
1956,Matthew Thompson
1957,Andrew Owens
1958,James Miller
1959,Rodney Johnson
1960,Michael Baird
1961,Vickie Parks
1962,Theresa Simpson
1963,Jeremiah Nunez
1964,Kathy Peterson
1965,Melissa Baker
1966,Courtney Wilson
1967,Vincent Holland
1968,Eric Robinson
1969,Benjamin Castro
1970,Renee Foster
1971,Molly Patterson
1972,Bethany Martin
1973,Cheyenne Moody
1974,Virginia Fowler
1975,Ronald Baker
1976,Sheila Lowe
1977,Jacob Davis
1978,Tara Hawkins
1979,Nancy Hoover
1980,Brandon Hartman
1981,Lindsey Jones
1982,Angela Hansen
1983,Marvin Jones
1984,Michael Solomon
1985,Andrew Jennings
1986,Dawn Smith
1987,Tiffany Carney
1988,Becky Mitchell
1989,Mike Love
1990,Gary Anderson
1991,Brett Wright
1992,Jacqueline Nelson
1993,Richard Cole
1994,Taylor Gordon
1995,Mark Edwards
1996,Connie Thomas
1997,Philip Rosario
1998,Anna Lloyd
1999,Erika Schultz
2000,Shawn James
